simbolo,serie_collegata,negoziata_oggi,listing,listing_da,primo_mese_archivio,ultimo_mese_archivio,delisting,anni_storia,volume_medio_2023_usdt,giorni_2023,ultimo_giorno_2023,fascia_slippage,motivi_esclusione
LINAUSDT,LINAUSDT,no,2021-03-17,exchangeInfo,2021-03-01,2026-09-30,2026-09-30,2.79,163472965,365,2023-12-31,0.0005,
DOTUSDT,DOTUSDT,si,2020-08-22,exchangeInfo,2020-08-01,2026-09-30,,3.36,158172543,365,2023-12-31,0.0005,
NEARUSDT,NEARUSDT,si,2020-10-15,exchangeInfo,2020-10-01,2026-09-30,,3.21,139764614,365,2023-12-31,0.0005,
EOSUSDT,EOSUSDT,no,2020-01-01,archivio,2020-01-01,2025-05-31,2025-05-31,4.0,137780867,365,2023-12-31,0.0005,
CRVUSDT,CRVUSDT,si,2020-09-01,exchangeInfo,2020-09-01,2026-09-30,,3.33,131277797,365,2023-12-31,0.0005,
SANDUSDT,SANDUSDT,si,2021-01-18,exchangeInfo,2021-01-01,2026-09-30,,2.95,125488655,365,2023-12-31,0.0005,
ATOMUSDT,ATOMUSDT,si,2020-02-07,exchangeInfo,2020-02-01,2026-09-30,,3.9,119936012,365,2023-12-31,0.0005,
TOMOUSDT,TOMOUSDT,no,2020-10-01,archivio,2020-10-01,2024-05-31,2024-05-31,3.25,116844408,365,2023-12-31,0.0005,
AXSUSDT,AXSUSDT,si,2020-11-20,exchangeInfo,2020-11-01,2026-09-30,,3.11,105288157,365,2023-12-31,0.0005,
STORJUSDT,STORJUSDT,no,2020-09-16,exchangeInfo,2020-09-01,2026-09-30,2026-09-30,3.29,96525022,365,2023-12-31,0.0005,
MKRUSDT,MKRUSDT,no,2020-08-13,exchangeInfo,2020-08-01,2026-09-30,2026-09-30,3.38,96188677,365,2023-12-31,0.0005,
MANAUSDT,MANAUSDT,si,2021-03-14,exchangeInfo,2021-03-01,2026-09-30,,2.8,95599651,365,2023-12-31,0.0005,
BLZUSDT,BLZUSDT,no,2020-09-17,exchangeInfo,2020-09-01,2026-09-30,2026-09-30,3.29,94910928,365,2023-12-31,0.0005,
COMPUSDT,COMPUSDT,si,2020-06-30,exchangeInfo,2020-06-01,2026-09-30,,3.5,94557194,365,2023-12-31,0.0005,
RUNEUSDT,RUNEUSDT,si,2020-09-04,exchangeInfo,2020-09-01,2026-09-30,,3.32,91631918,365,2023-12-31,0.0005,
WAVESUSDT,WAVESUSDT,no,2020-08-12,exchangeInfo,2020-08-01,2026-09-30,2026-09-30,3.39,91362323,365,2023-12-31,0.0005,
SXPUSDT,SXPUSDT,no,2020-07-01,archivio,2020-07-01,2026-05-31,2026-05-31,3.5,88874868,365,2023-12-31,0.0005,
MTLUSDT,MTLUSDT,si,2021-03-31,exchangeInfo,2021-03-01,2026-09-30,,2.75,78122997,365,2023-12-31,0.0005,
XLMUSDT,XLMUSDT,si,2020-01-20,exchangeInfo,2020-01-01,2026-09-30,,3.95,77752320,365,2023-12-31,0.0005,
GRTUSDT,GRTUSDT,si,2020-12-18,exchangeInfo,2020-12-01,2026-09-30,,3.04,75230332,365,2023-12-31,0.0005,
TRXUSDT,TRXUSDT,si,2020-01-15,exchangeInfo,2020-01-01,2026-09-30,,3.96,71814420,365,2023-12-31,0.0005,
UNFIUSDT,UNFIUSDT,no,2021-02-09,exchangeInfo,2021-02-01,2026-09-30,2026-09-30,2.89,71026318,365,2023-12-31,0.0005,
ARPAUSDT,ARPAUSDT,si,2021-10-18,exchangeInfo,2021-10-01,2026-09-30,,2.2,70636971,365,2023-12-31,0.0005,
SNXUSDT,SNXUSDT,si,2020-08-14,exchangeInfo,2020-08-01,2026-09-30,,3.38,69605757,365,2023-12-31,0.0005,
UNIUSDT,UNIUSDT,si,2020-09-18,exchangeInfo,2020-09-01,2026-09-30,,3.29,69250215,365,2023-12-31,0.0005,
BAKEUSDT,BAKEUSDT,no,2021-05-18,exchangeInfo,2021-05-01,2026-09-30,2026-09-30,2.62,68921657,365,2023-12-31,0.0005,
AAVEUSDT,AAVEUSDT,si,2020-10-16,exchangeInfo,2020-10-01,2026-09-30,,3.21,68807542,365,2023-12-31,0.0005,
STMXUSDT,STMXUSDT,no,2021-03-17,exchangeInfo,2021-03-01,2026-09-30,2026-09-30,2.79,67762141,365,2023-12-31,0.0005,
OCEANUSDT,OCEANUSDT,no,2020-11-03,exchangeInfo,2020-11-01,2026-09-30,2026-09-30,3.16,65283664,365,2023-12-31,0.0005,
SUSHIUSDT,SUSHIUSDT,si,2020-09-04,exchangeInfo,2020-09-01,2026-09-30,,3.32,61648621,365,2023-12-31,0.0005,
LPTUSDT,LPTUSDT,si,2021-11-10,exchangeInfo,2021-11-01,2026-09-30,,2.14,58142592,365,2023-12-31,0.0005,
KAVAUSDT,KAVAUSDT,si,2020-07-28,exchangeInfo,2020-07-01,2026-09-30,,3.43,57344474,365,2023-12-31,0.0005,
NEOUSDT,NEOUSDT,si,2020-02-17,exchangeInfo,2020-02-01,2026-09-30,,3.87,55562665,365,2023-12-31,0.0005,
CHZUSDT,CHZUSDT,si,2021-01-21,exchangeInfo,2021-01-01,2026-09-30,,2.94,54504700,365,2023-12-31,0.0005,
ICPUSDT,ICPUSDT,si,2021-07-30,exchangeInfo,2021-05-01,2026-09-30,,2.42,53148421,365,2023-12-31,0.0005,
OGNUSDT,OGNUSDT,si,2021-03-31,exchangeInfo,2021-04-01,2026-09-30,,2.75,50158420,365,2023-12-31,0.0005,
ALPHAUSDT,ALPHAUSDT,no,2020-11-23,exchangeInfo,2020-11-01,2026-09-30,2026-09-30,3.1,49403319,365,2023-12-31,0.001,
CTSIUSDT,CTSIUSDT,si,2021-10-25,exchangeInfo,2021-10-01,2026-09-30,,2.18,47010046,365,2023-12-31,0.001,
CELOUSDT,CELOUSDT,si,2021-09-26,exchangeInfo,2021-09-01,2026-09-30,,2.26,46343285,365,2023-12-31,0.001,
HBARUSDT,HBARUSDT,si,2021-03-17,exchangeInfo,2021-03-01,2026-09-30,,2.79,46117231,365,2023-12-31,0.001,
YFIUSDT,YFIUSDT,si,2020-08-31,exchangeInfo,2020-08-01,2026-09-30,,3.33,45985650,365,2023-12-31,0.001,
ZRXUSDT,ZRXUSDT,si,2020-06-24,exchangeInfo,2020-06-01,2026-09-30,,3.52,45126493,365,2023-12-31,0.001,
KNCUSDT,KNCUSDT,si,2020-06-22,exchangeInfo,2020-06-01,2026-09-30,,3.53,43663749,365,2023-12-31,0.001,
ALGOUSDT,ALGOUSDT,si,2020-06-16,exchangeInfo,2020-06-01,2026-09-30,,3.54,43601124,365,2023-12-31,0.001,
ANKRUSDT,ANKRUSDT,si,2021-01-25,exchangeInfo,2021-01-01,2026-09-30,,2.93,43484742,365,2023-12-31,0.001,
EGLDUSDT,EGLDUSDT,si,2020-09-14,exchangeInfo,2020-09-01,2026-09-30,,3.3,39554920,365,2023-12-31,0.001,
1INCHUSDT,1INCHUSDT,si,2020-12-25,exchangeInfo,2020-12-01,2026-09-30,,3.02,38990044,365,2023-12-31,0.001,
RLCUSDT,RLCUSDT,si,2020-07-31,exchangeInfo,2020-07-01,2026-09-30,,3.42,38373577,365,2023-12-31,0.001,
BELUSDT,BELUSDT,si,2020-11-18,exchangeInfo,2020-11-01,2026-09-30,,3.12,38259497,365,2023-12-31,0.001,
FLMUSDT,FLMUSDT,no,2020-09-29,exchangeInfo,2020-09-01,2026-09-30,2026-09-30,3.26,37147183,365,2023-12-31,0.001,
ZILUSDT,ZILUSDT,si,2020-06-18,exchangeInfo,2020-06-01,2026-09-30,,3.54,37015970,365,2023-12-31,0.001,
C98USDT,C98USDT,si,2021-08-23,exchangeInfo,2021-08-01,2026-09-30,,2.36,36714907,365,2023-12-31,0.001,
RENUSDT,RENUSDT,no,2020-10-13,exchangeInfo,2020-10-01,2026-09-30,2026-09-30,3.22,35713223,365,2023-12-31,0.001,
OMGUSDT,OMGUSDT,no,2020-07-02,exchangeInfo,2020-07-01,2026-09-30,2026-09-30,3.5,35053919,365,2023-12-31,0.001,
ENJUSDT,ENJUSDT,si,2020-09-29,exchangeInfo,2020-09-01,2026-09-30,,3.26,35019253,365,2023-12-31,0.001,
AUDIOUSDT,AUDIOUSDT,no,2021-08-01,archivio,2021-08-01,2024-05-31,2024-05-31,2.42,33657117,365,2023-12-31,0.001,
THETAUSDT,THETAUSDT,si,2020-05-27,exchangeInfo,2020-05-01,2026-09-30,,3.6,33087188,365,2023-12-31,0.001,
SFPUSDT,SFPUSDT,si,2021-02-24,exchangeInfo,2021-02-01,2026-09-30,,2.85,32342701,365,2023-12-31,0.001,
XMRUSDT,XMRUSDT,si,2020-02-03,exchangeInfo,2020-02-01,2026-09-30,,3.91,30610430,365,2023-12-31,0.001,
ONTUSDT,ONTUSDT,si,2020-02-11,exchangeInfo,2020-02-01,2026-09-30,,3.89,30472191,365,2023-12-31,0.001,
ROSEUSDT,ROSEUSDT,si,2021-12-31,exchangeInfo,2021-12-01,2026-09-30,,2.0,30191039,365,2023-12-31,0.001,
ICXUSDT,ICXUSDT,no,2020-09-15,exchangeInfo,2020-09-01,2026-09-30,2026-09-30,3.29,29846373,365,2023-12-31,0.001,
XEMUSDT,XEMUSDT,no,2021-03-02,exchangeInfo,2021-03-01,2026-09-30,2026-09-30,2.83,29145539,365,2023-12-31,0.001,
VETUSDT,VETUSDT,si,2020-02-14,exchangeInfo,2020-02-01,2026-09-30,,3.88,28960330,365,2023-12-31,0.001,
IOTAUSDT,IOTAUSDT,si,2020-02-12,exchangeInfo,2020-02-01,2026-09-30,,3.89,28902408,365,2023-12-31,0.001,
BANDUSDT,BANDUSDT,si,2020-07-29,exchangeInfo,2020-07-01,2026-09-30,,3.43,28848033,365,2023-12-31,0.001,
PEOPLEUSDT,PEOPLEUSDT,si,2021-12-23,exchangeInfo,2021-12-01,2026-09-30,,2.02,28368096,365,2023-12-31,0.001,
SKLUSDT,SKLUSDT,si,2020-08-24,exchangeInfo,2020-12-01,2026-09-30,,3.35,27525643,365,2023-12-31,0.001,
GTCUSDT,GTCUSDT,si,2021-03-15,exchangeInfo,2021-06-01,2026-09-30,,2.8,27244262,365,2023-12-31,0.001,
1000XECUSDT,1000XECUSDT,si,2021-09-16,exchangeInfo,2021-09-01,2026-09-30,,2.29,26545434,365,2023-12-31,0.001,
ZECUSDT,ZECUSDT,si,2020-02-05,exchangeInfo,2020-02-01,2026-09-30,,3.9,26028808,365,2023-12-31,0.001,
XTZUSDT,XTZUSDT,si,2020-02-06,exchangeInfo,2020-02-01,2026-09-30,,3.9,25732316,365,2023-12-31,0.001,
KLAYUSDT,KLAYUSDT,no,2021-10-11,exchangeInfo,2021-10-01,2026-09-30,2026-09-30,2.22,25727877,365,2023-12-31,0.001,
LRCUSDT,LRCUSDT,no,2020-10-19,exchangeInfo,2020-10-01,2026-09-30,2026-09-30,3.2,24862937,365,2023-12-31,0.001,
CELRUSDT,CELRUSDT,si,2021-03-29,exchangeInfo,2021-03-01,2026-09-30,,2.76,24631594,365,2023-12-31,0.001,
DASHUSDT,DASHUSDT,si,2020-02-04,exchangeInfo,2020-02-01,2026-09-30,,3.91,23760452,365,2023-12-31,0.001,
QTUMUSDT,QTUMUSDT,si,2020-02-20,exchangeInfo,2020-02-01,2026-09-30,,3.86,23431388,365,2023-12-31,0.001,
ARUSDT,ARUSDT,si,2021-09-28,exchangeInfo,2021-09-01,2026-09-30,,2.26,21220381,365,2023-12-31,0.001,
NKNUSDT,NKNUSDT,no,2021-04-08,exchangeInfo,2021-04-01,2026-09-30,2026-09-30,2.73,20703954,365,2023-12-31,0.001,
KSMUSDT,KSMUSDT,si,2020-10-14,exchangeInfo,2020-10-01,2026-09-30,,3.21,20377576,365,2023-12-31,0.001,
